,id,name,slug,price,isFeatured,heroimagealttag,description,year,kilometers,transmission,exteriorcolor,warranty,interiorcolor,horsepower,enginesize,specs,heroCarImage,carImages,createdAt
0,65cdc4b6c80de2014a79b41c,Ferrari 488 Pista,ferrari-488-plista,100000,True,,"It is a long established fact that a reader will be distracted by the readable content of a page when looking at its layout. The point of using Lorem Ipsum is that it has a more-or-less normal distribution of letters, as opposed to using 'Content here, content here',",2010,24000,Automatic,puple,Available,Purple + Black,240hp,6.6L V12,GCC,https://eurotechtrading.s3.ap-south-1.amazonaws.com/images/trip/img-15.jpg,"['https://eurotechtrading.s3.ap-south-1.amazonaws.com/images/cars/related_0_img-1.png', 'https://eurotechtrading.s3.ap-south-1.amazonaws.com/images/cars/related_1_img-2.png', 'https://eurotechtrading.s3.ap-south-1.amazonaws.com/images/cars/related_2_img-3.png', 'https://eurotechtrading.s3.ap-south-1.amazonaws.com/images/trip/related_0_img-6.png', 'https://eurotechtrading.s3.ap-south-1.amazonaws.com/images/trip/related_1_img-7.jpg']",2024-02-15T08:00:52.898Z
1,65e583d6473b761be3fddd47, McLaren 720S ,mc-laren-720s,100000,True,car,"2018 McLaren 720S Performance w/ $390K MSRP, FULL Carbon, FULL Stealth PPF, AG Lux Wheels",2012,24000,Automatic,blue,Available,red,240hp,6.6L V12,GCC,https://eurotechtrading.s3.ap-south-1.amazonaws.com/images/cars/01.jpg,"['https://eurotechtrading.s3.ap-south-1.amazonaws.com/images/cars/related_1_02.jpg', 'https://eurotechtrading.s3.ap-south-1.amazonaws.com/images/cars/related_2_03.jpg', 'https://eurotechtrading.s3.ap-south-1.amazonaws.com/images/cars/related_0_Used-2017-Rolls-Royce-Ghost-Black-Badge-MASSIVE-416K-MSRP-Bespoke-Audio-Starlight-Driver-Assist-3-1708991165.jpg']",2024-03-04T08:18:30.919Z
2,65e584fd473b761be3fddd48,MARK IV RED. ,mark-iv-red,47200,False,Mark,"An American icon, for good reason. Arguably one of the most note worthy domestic cars ever produced, the 2005 Ford GT will always have a place in automotive history. With just over 4000 units ever produced, the value has only gone up over time. This meticulously maintained Mark IV Red spec is a collectors dream, with only 4,742 miles put on it over a 20 year timespan. This GT is a masterpiece, and the perfect car for any collector or automotive enthusiast. ",2005,4225,Automatic,red,Available,red+white,240hp,6.6L V12,GCC,https://eurotechtrading.s3.ap-south-1.amazonaws.com/images/cars/06.jpg,"['https://eurotechtrading.s3.ap-south-1.amazonaws.com/images/cars/related_0_6b.jpg', 'https://eurotechtrading.s3.ap-south-1.amazonaws.com/images/cars/related_1_6c.jpg', 'https://eurotechtrading.s3.ap-south-1.amazonaws.com/images/cars/related_2_6d.jpg', 'https://eurotechtrading.s3.ap-south-1.amazonaws.com/images/cars/related_3_6e.jpg', 'https://eurotechtrading.s3.ap-south-1.amazonaws.com/images/cars/related_4_6f.jpg', 'https://eurotechtrading.s3.ap-south-1.amazonaws.com/images/cars/related_5_6g.jpg', 'https://eurotechtrading.s3.ap-south-1.amazonaws.com/images/cars/related_6_6h.jpg']",2024-03-04T08:23:25.393Z
3,65e586ec473b761be3fddd49,2014 Lamborghini Aventador ,lamborgini-aventador,35000,True,lamborgini,"2014 Lamborghini Aventador LP 700-4 FULL Stealth PPF, IPE Exhaust + Carbon",2014,12356,Automatic,black,Available,black,240,6.5 V12 691,dghh,https://eurotechtrading.s3.ap-south-1.amazonaws.com/images/cars/7a.jpg,"['https://eurotechtrading.s3.ap-south-1.amazonaws.com/images/cars/related_1_7b.jpg', 'https://eurotechtrading.s3.ap-south-1.amazonaws.com/images/cars/related_2_7c.jpg', 'https://eurotechtrading.s3.ap-south-1.amazonaws.com/images/cars/related_3_7e.jpg']",2024-03-04T08:31:40.227Z
4,65e587cd473b761be3fddd4a,Ferrari 458,ferrari-458,255000,False,ferrari,"This already beautiful 2013 Ferrari 458 has been modified to perfection. The H&R lowering springs and unmistakable 458 Speciale wheels increase road presence and compliment the spec perfectly. The 458 is the last of Ferrari's naturally aspirated V8 supercars and is on track to be a collectors car, enhancing this cars resale value exponentially. This is one of the highest option 458's on the market, fitted with carbon race seats, carbon dash inserts, carbon driver zone, carbon front spoiler, carbon side skirts, F/R parking sensors, and much more. On top of the premium hi-fi system, an aftermarket dual subwoofer system has been installed behind the seats that will blow you and your passengers away. This loaded spec will not last at this price, act fast before it's gone! ",2013,17795,Automatic,white,Available,black,562,4.5L V8 562hp,GCC,https://eurotechtrading.s3.ap-south-1.amazonaws.com/images/cars/8a.jpg,"['https://eurotechtrading.s3.ap-south-1.amazonaws.com/images/cars/related_0_8e.jpg', 'https://eurotechtrading.s3.ap-south-1.amazonaws.com/images/cars/related_1_8b.jpg', 'https://eurotechtrading.s3.ap-south-1.amazonaws.com/images/cars/related_2_8c.jpg']",2024-03-04T08:35:25.848Z
5,65e58a3b473b761be3fddd4c, Rolls-Royce ,rolls-royce,215000,False,,"We are pleased to introduce this rare and sought after 2016 Wraith Inspired by Music edition. The interior and exterior configuration is unlike anything else. The extremely unique Lyrical Copper Metallic paint contains a beautiful copper flake that shines when light hits it. To make it even better, the interior features the unmatched bespoke audio, starlight headliner, and super rare rose gold interior trim including the speaker covers. This stunning spec is sure to sell fast, don't miss the chance to make it yours. ",2016,20642,Automatic,Copper,Available,black,624,6.6L Twin Turbo V12 624hp 590ft. lbs.,GCC,https://eurotechtrading.s3.ap-south-1.amazonaws.com/images/cars/10a.jpg,"['https://eurotechtrading.s3.ap-south-1.amazonaws.com/images/cars/related_0_10b.jpg', 'https://eurotechtrading.s3.ap-south-1.amazonaws.com/images/cars/related_1_10c.jpg', 'https://eurotechtrading.s3.ap-south-1.amazonaws.com/images/cars/related_2_10e.jpg']",2024-03-04T08:45:47.026Z
6,65e58b02473b761be3fddd4d,Lamborghini Huracan,lamborgini-hurrcane,281000,True,,"We are thrilled to present this perfectly optioned '15 Huracan in RARE Rosso Mars red paint. With a $281K MSRP, this spec has all that is offered. The forged engine bay with a transparent cover, the must-have front lift system helping to prevent underside damage, the reverse camera with front+rear parking sensors, electric and heated seats, and the navigation system make this stunning spec the one to own. Don't pass up the opportunity to make this rare spec yours. ",2015,8440,Automatic,Rosso Mars,Available, Nero Ade,602,5.2L V10 602hp 412ft. lbs.,GCC,https://eurotechtrading.s3.ap-south-1.amazonaws.com/images/cars/11a.jpg,"['https://eurotechtrading.s3.ap-south-1.amazonaws.com/images/cars/related_0_11b.jpg', 'https://eurotechtrading.s3.ap-south-1.amazonaws.com/images/cars/related_1_11c.jpg', 'https://eurotechtrading.s3.ap-south-1.amazonaws.com/images/cars/related_2_11d.jpg', 'https://eurotechtrading.s3.ap-south-1.amazonaws.com/images/cars/related_3_11e.jpg']",2024-03-04T08:49:06.905Z
7,65e594ae473b761be3fddd54,McLaren-570S,mclaren,155000,True,lamborgini,"Flashy and loaded with must-have options, as a Huracan Should be. This special order Arancio Borealis '15 Huracan is one of the hottest specs we have ever seen. Featuring the needed transparent engine bay + forged carbon trim, lifting system helping to prevent underside damage, pearl effect special order paint, reverse camera w/ parking sensors, and much more, this Huracan has it all. 
FULL paint protection film has been applied to protect the pearl effect paint. ",2015,15076,Automatic,Arancio Borealis 3-Layer (Orange),Available, Nero Ade,602,5.2L V10 602hp 412ft. lbs.,GCC,https://eurotechtrading.s3.ap-south-1.amazonaws.com/images/cars/Used-2019-McLaren-570S-.jpg,"['https://eurotechtrading.s3.ap-south-1.amazonaws.com/images/cars/related_0_14b.jpg', 'https://eurotechtrading.s3.ap-south-1.amazonaws.com/images/cars/related_1_14c.jpg', 'https://eurotechtrading.s3.ap-south-1.amazonaws.com/images/cars/related_2_14d.jpg', 'https://eurotechtrading.s3.ap-south-1.amazonaws.com/images/cars/related_3_14e.jpg', 'https://eurotechtrading.s3.ap-south-1.amazonaws.com/images/cars/related_4_14f.jpg']",2024-03-04T09:30:22.459Z
8,65eadb13cb1bc03992debda5,Ferrari 458 Spider ,ferrari-spider,255000,True,car,"This already beautiful 2013 Ferrari 458 has been modified to perfection. The H&R lowering springs and unmistakable 458 Speciale wheels increase road presence and compliment the spec perfectly. The 458 is the last of Ferrari's naturally aspirated V8 supercars and is on track to be a collectors car, enhancing this cars resale value exponentially. This is one of the highest option 458's on the market, fitted with carbon race seats, carbon dash inserts, carbon driver zone, carbon front spoiler, carbon side skirts, F/R parking sensors, and much more. On top of the premium hi-fi system, an aftermarket dual subwoofer system has been installed behind the seats that will blow you and your passengers away. This loaded spec will not last at this price, act fast before it's gone! ",2013,"17,801   ",Automatic, Bianco Avus,Available, Nero,562, 4.5L V8 562hp 398ft. lbs.,GCC,https://eurotechtrading.s3.ap-south-1.amazonaws.com/images/cars/01.jpg,"['https://eurotechtrading.s3.ap-south-1.amazonaws.com/images/cars/related_0_02.jpg', 'https://eurotechtrading.s3.ap-south-1.amazonaws.com/images/cars/related_1_03.jpg', 'https://eurotechtrading.s3.ap-south-1.amazonaws.com/images/cars/related_2_03a.jpg']",2024-03-08T09:32:03.211Z
9,65fac4779277ddc4592aac48,2024 Rolls-Royce Spectre,rolls-royce-spectre,567800,True,car,"The 2024 Rolls-Royce Spectre embodies the pinnacle of luxury and craftsmanship. With a signature combination of elegance and cutting-edge technology the Spectre features a powerful and refined engine delivering a serene yet powerful driving experience. Its opulent interior is adorned with the finest materials advanced infotainment systems and a suite of comfort features. The Rolls-Royce Spectre continues the brand's legacy of creating bespoke extraordinary automobiles for those who seek the epitome of automotive luxury
OPTIONAL EQUIPMENT",2024,240,1-Speed Automatic,Arctic White,Extended Warranties Available,Mandarin,577,Electric,GCC,https://eurotechtrading.s3.ap-south-1.amazonaws.com/images/cars/Used-2024-Rolls-Royce-Spectre-1709577126 (10).jpg,"['https://eurotechtrading.s3.ap-south-1.amazonaws.com/images/cars/related_0_Used-2024-Rolls-Royce-Spectre-1709577126 (8).jpg', 'https://eurotechtrading.s3.ap-south-1.amazonaws.com/images/cars/related_1_Used-2024-Rolls-Royce-Spectre-1709577126 (7).jpg', 'https://eurotechtrading.s3.ap-south-1.amazonaws.com/images/cars/related_2_Used-2024-Rolls-Royce-Spectre-1709577126 (6).jpg', 'https://eurotechtrading.s3.ap-south-1.amazonaws.com/images/cars/related_3_Used-2024-Rolls-Royce-Spectre-1709577126 (5).jpg', 'https://eurotechtrading.s3.ap-south-1.amazonaws.com/images/cars/related_4_Used-2024-Rolls-Royce-Spectre-1709577126 (4).jpg', 'https://eurotechtrading.s3.ap-south-1.amazonaws.com/images/cars/related_5_Used-2024-Rolls-Royce-Spectre-1709577126 (3).jpg', 'https://eurotechtrading.s3.ap-south-1.amazonaws.com/images/cars/related_6_Used-2024-Rolls-Royce-Spectre-1709577126 (2).jpg', 'https://eurotechtrading.s3.ap-south-1.amazonaws.com/images/cars/related_7_Used-2024-Rolls-Royce-Spectre-1709577126 (1).jpg']",2024-03-20T11:11:51.452Z
10,65fac5ad9277ddc4592aac49,2006 Ford GT Base,ford-gt-base,484999,True,car,The reimagined classic is here at Vegas Auto Gallery! This is one of the most mint condition Ford GT's on the market to date. With all four factory options fitted in this is one vehicle we do not expect to last long. Call click or stop by today!,2006,"1,348",Ricardo 6-Speed Manual,Mark IV Red Clearcoat,Balance of Factory Warranty,Ebony Black,550, 5.4L V8 (Supercharged),GCC,https://eurotechtrading.s3.ap-south-1.amazonaws.com/images/cars/Used-2006-Ford-GT-Base-1676772474 (5).jpg,"['https://eurotechtrading.s3.ap-south-1.amazonaws.com/images/cars/related_0_Used-2006-Ford-GT-Base-1676772474 (4).jpg', 'https://eurotechtrading.s3.ap-south-1.amazonaws.com/images/cars/related_1_Used-2006-Ford-GT-Base-1676772474 (3).jpg', 'https://eurotechtrading.s3.ap-south-1.amazonaws.com/images/cars/related_2_Used-2006-Ford-GT-Base-1676772474 (2).jpg', 'https://eurotechtrading.s3.ap-south-1.amazonaws.com/images/cars/related_3_Used-2006-Ford-GT-Base-1676772474 (1).jpg']",2024-03-20T11:17:01.240Z
11,65fac6f79277ddc4592aac4a,2024 Porsche 911 Dakar,porsche-911-dakar,444999,True,car,This 2024 Porsche 911 Dakar in elegant Stone Gray Paint to Sample is a one-owner car that perfectly encapsulates Porsche's luxury and performance. The interior a blend of black leather and paint to sample stitching adds sporty sophistication. Enhanced with a practical roof basket and safeguarded this car is well-equipped for both performance and durability. Its meticulous upkeep under single ownership ensures it remains a pristine example of Porsche's high-end automotive craftsmanship.,2024,19,8-Speed Porsche Doppelkupplung (PDK),Stone Grey (paint to sample),Balance of Factory Warranty (if applicable),Black,473,3.0L H6 (Twin-Turbo),GCC,https://eurotechtrading.s3.ap-south-1.amazonaws.com/images/cars/Used-2024-Porsche-911-Dakar-1706583828 (4).jpg,"['https://eurotechtrading.s3.ap-south-1.amazonaws.com/images/cars/related_0_Used-2024-Porsche-911-Dakar-1706583828 (3).jpg', 'https://eurotechtrading.s3.ap-south-1.amazonaws.com/images/cars/related_1_Used-2024-Porsche-911-Dakar-1706583828 (2).jpg', 'https://eurotechtrading.s3.ap-south-1.amazonaws.com/images/cars/related_2_Used-2024-Porsche-911-Dakar-1706583828 (1).jpg']",2024-03-20T11:22:31.245Z
12,65fac7f39277ddc4592aac4b,2021 McLaren 765LT Base,mclaren-765lt-base,436800,True,car,The 2021 McLaren 765LT is a track-focused supercar that embodies the pinnacle of performance and aerodynamic precision. Powered by a 4.0-liter twin-turbocharged V8 engine the 765LT unleashes a staggering 755 horsepower catapulting it from 0 to 60 mph in just 2.7 seconds. Its lightweight design enhanced aerodynamics and extended bodywork contribute to exceptional agility and downforce making it a formidable presence on both the road and track. The interior of the 765LT is a blend of luxury and racing-inspired elements providing a driver-centric cockpit for an immersive and exhilarating driving experience.,2021,"7,115",7-Speed Manual,Paris Blue,Balance of Factory Warranty (if applicable),Carbon Black, 755,4.0L V8 (Twin-Turbo),GCC,https://eurotechtrading.s3.ap-south-1.amazonaws.com/images/cars/Used-2021-McLaren-765LT-Base-1708397622 (5).jpg,"['https://eurotechtrading.s3.ap-south-1.amazonaws.com/images/cars/related_0_Used-2021-McLaren-765LT-Base-1708397622 (4).jpg', 'https://eurotechtrading.s3.ap-south-1.amazonaws.com/images/cars/related_1_Used-2021-McLaren-765LT-Base-1708397622 (3).jpg', 'https://eurotechtrading.s3.ap-south-1.amazonaws.com/images/cars/related_2_Used-2021-McLaren-765LT-Base-1708397622 (2).jpg', 'https://eurotechtrading.s3.ap-south-1.amazonaws.com/images/cars/related_3_Used-2021-McLaren-765LT-Base-1708397622 (1).jpg']",2024-03-20T11:26:43.541Z
13,65fac8df9277ddc4592aac4c,2023 Rolls-Royce Cullinan Base,rolls-royce-cullinan-base,429800,True,car,The 2022 Rolls-Royce Cullinan is the epitome of luxury SUVs embodying the timeless elegance and opulence synonymous with the prestigious brand. Its iconic design characterized by the Spirit of Ecstasy hood ornament and a bold commanding presence sets it apart on the road. The lavish interior adorned with the finest materials features handcrafted details and offers a serene sanctuary for occupants. Under the hood a potent engine likely a V12 provides a seamless and powerful driving experience ensuring the Cullinan effortlessly glides over any terrain. With state-of-the-art technology a bespoke approach to customization and an uncompromising commitment to craftsmanship the 2022 Rolls-Royce Cullinan stands as a pinnacle of automotive luxury and sophistication.,2023 ,"1,540",8-Speed Automatic,Black Diamond,Balance of Factory Warranty (if applicable),Mandarin, 563,6.7L 12-Cylinder Turbocharged DOHC,GCC,https://eurotechtrading.s3.ap-south-1.amazonaws.com/images/cars/Used-2023-Rolls-Royce-Cullinan-Base-1706237734 (3).jpg,"['https://eurotechtrading.s3.ap-south-1.amazonaws.com/images/cars/related_0_Used-2023-Rolls-Royce-Cullinan-Base-1706237734.jpg', 'https://eurotechtrading.s3.ap-south-1.amazonaws.com/images/cars/related_1_Used-2023-Rolls-Royce-Cullinan-Base-1705802539 (1).jpg', 'https://eurotechtrading.s3.ap-south-1.amazonaws.com/images/cars/related_2_Used-2023-Rolls-Royce-Cullinan-Base-1705802539.jpg']",2024-03-20T11:30:39.617Z
14,65fac9fa9277ddc4592aac4d,2021 Ferrari F8 Tributo Base,ferrari-f8-tributo-base,384800,True,car,You simply can't compare this F8 Tributo to any other supercar on or off the market. This vehicle is optioned very highly from the factory. Being timelessly finished in a White exterior with a Red interior we suggest you don't let this opportunity pass you by. Call click or stop in today!,2021,"4,525",7-Speed Automatic,Bianco Avus,Balance of Factory Warranty (if applicable),Rosso Ferrari, 710,3.9L V8,GCC,https://eurotechtrading.s3.ap-south-1.amazonaws.com/images/cars/Used-2021-Ferrari-F8-Tributo-Base-1710288170 (1).jpg,"['https://eurotechtrading.s3.ap-south-1.amazonaws.com/images/cars/related_0_Used-2021-Ferrari-F8-Tributo-Base-1710288170.jpg', 'https://eurotechtrading.s3.ap-south-1.amazonaws.com/images/cars/related_1_Used-2021-Ferrari-F8-Tributo-Base-1710288127.jpg', 'https://eurotechtrading.s3.ap-south-1.amazonaws.com/images/cars/related_2_Used-2021-Ferrari-F8-Tributo-Base-1706380652.jpg']",2024-03-20T11:35:22.684Z
15,65facac89277ddc4592aac4e,2015 Lamborghini Aventador LP700-4,lamborghini-aventador-lp700-4,379800,True,car,The 2015 Lamborghini Aventador is a breathtaking supercar that exudes power and style in equal measure. Its iconic design features sharp lines aggressive angles and signature scissor doors instantly recognizable on any road. Under the hood a monstrous 6.5-liter V12 engine roars to life delivering a staggering 700 horsepower to all four wheels catapulting the Aventador from 0 to 60 mph in just 2.9 seconds. Its advanced carbon fiber monocoque chassis ensures unparalleled rigidity and handling prowess while the seven-speed ISR transmission provides lightning-fast gear changes for an exhilarating driving experience. Inside the cockpit luxurious materials abound with leather upholstery carbon fiber accents and cutting-edge technology seamlessly integrated to create an environment befitting of its supercar status. Whether on the track or cruising the streets the 2015 Lamborghini Aventador commands attention and admiration at every turn.,2015,"15,357",7-Speed Automated Manual with ISR,Arancio Argos Pearl Effect,Balance of Factory Warranty (if applicable),Nero Ade,700,V12,GCC,https://eurotechtrading.s3.ap-south-1.amazonaws.com/images/cars/Used-2015-Lamborghini-Aventador-LP700-4-1710445731 (3).jpg,"['https://eurotechtrading.s3.ap-south-1.amazonaws.com/images/cars/related_0_Used-2015-Lamborghini-Aventador-LP700-4-1710445731 (2).jpg', 'https://eurotechtrading.s3.ap-south-1.amazonaws.com/images/cars/related_1_Used-2015-Lamborghini-Aventador-LP700-4-1710544389.jpg', 'https://eurotechtrading.s3.ap-south-1.amazonaws.com/images/cars/related_2_Used-2015-Lamborghini-Aventador-LP700-4-1710445731.jpg']",2024-03-20T11:38:48.798Z
16,65facb7e9277ddc4592aac4f,2022 Lamborghini Huracan STO Base,lamborghini-huracan-sto-base,369800,True,car,The 2022 Lamborghini Huracan STO is a track-focused supercar that combines aggressive styling with exceptional performance. With a lightweight design and powerful V10 engine producing over 600 horsepower the STO delivers blistering acceleration and exhilarating handling. Its aerodynamic enhancements including a large rear wing and front splitter provide increased downforce for improved stability at high speeds. The stripped-out interior features carbon fiber accents and racing-inspired elements emphasizing its track-oriented nature. Advanced technology such as adaptive suspension and dynamic steering ensures precise control and responsiveness on both the road and the track. Overall the Lamborghini Huracan STO offers an uncompromising driving experience tailored for enthusiasts seeking the ultimate thrill.,2022,"2,808",7-Speed Manual,Amaranto Metallic,Balance of Factory Warranty (if applicable),Nero Cosmus Alcantara Upholstery,600,5.2L V10,GCC,https://eurotechtrading.s3.ap-south-1.amazonaws.com/images/cars/Used-2022-Lamborghini-Huracan-STO-Base-1707341823 (2).jpg,"['https://eurotechtrading.s3.ap-south-1.amazonaws.com/images/cars/related_0_Used-2022-Lamborghini-Huracan-STO-Base-1707328097 (2).jpg', 'https://eurotechtrading.s3.ap-south-1.amazonaws.com/images/cars/related_1_Used-2022-Lamborghini-Huracan-STO-Base-1707341823.jpg', 'https://eurotechtrading.s3.ap-south-1.amazonaws.com/images/cars/related_2_Used-2022-Lamborghini-Huracan-STO-Base-1707328097 (1).jpg']",2024-03-20T11:41:50.140Z
17,65facd309277ddc4592aac50,2020 Koenigsegg Regera CMP,koenigsegg-regera-cmp,3795000,True,car,The 2020 Koenigsegg Regera CMP is an exceptional hypercar that epitomizes cutting-edge automotive engineering and design. Boasting an unparalleled combination of power innovation and luxury the Regera CMP pushes the boundaries of performance. At its heart lies a hybrid powertrain consisting of a 5.0-liter twin-turbocharged V8 engine that churns out a staggering 1100 horsepower augmented by an advanced electric propulsion system. This results in a mind-boggling combined power output of over 1500 horsepower propelling the car from 0 to 60 mph in mere seconds. Its carbon fiber monocoque chassis ensures remarkable strength and lightweight construction contributing to its exceptional speed and agility. Meticulous attention to aerodynamics including active elements and underbody venturis not only enhances its high-speed stability but also complements its striking exterior design. The interior showcases a blend of opulence and technology featuring premium materials bespoke finishes and state-of-the-art infotainment and driver assistance systems offering an extraordinary driving experience that matches its extraordinary performance.,2020,"1,412",1-Speed Fixed Gear,Clear Carbon,Extended Warranties Available,Desiato,1500,5.0L Twin-Turbo V8,GCC,https://eurotechtrading.s3.ap-south-1.amazonaws.com/images/cars/Used-2020-Koenigsegg-Regera-CMP-1692842856 (4).jpg,"['https://eurotechtrading.s3.ap-south-1.amazonaws.com/images/cars/related_0_Used-2020-Koenigsegg-Regera-CMP-1692842856 (2).jpg', 'https://eurotechtrading.s3.ap-south-1.amazonaws.com/images/cars/related_1_Used-2020-Koenigsegg-Regera-CMP-1692842856 (1).jpg', 'https://eurotechtrading.s3.ap-south-1.amazonaws.com/images/cars/related_2_Used-2020-Koenigsegg-Regera-CMP-1692842856.jpg', 'https://eurotechtrading.s3.ap-south-1.amazonaws.com/images/cars/related_3_Used-2020-Koenigsegg-Regera-CMP-1692842541 (1).jpg', 'https://eurotechtrading.s3.ap-south-1.amazonaws.com/images/cars/related_4_Used-2020-Koenigsegg-Regera-CMP-1692842541.jpg']",2024-03-20T11:49:04.557Z
18,65face2a9277ddc4592aac51,2023 Ferrari 812 GTS Base,ferrari-812-gts-base,664800,True,car,"The 2023 Ferrari 812 GTS epitomizes the essence of open-top motoring combined with extraordinary performance. Housing a magnificent 6.5-liter naturally aspirated V12 engine under its sculpted hood the 812 GTS roars to life unleashing an astonishing 789 horsepower and 530 lb-ft of torque. With a retractable hardtop that redefines convertible elegance this prancing horse accelerates from 0 to 60 mph in a breathtaking 2.8 seconds delivering an exhilarating driving experience. Inside the 812 GTS boasts a cockpit adorned with premium materials advanced technology and bespoke touches ensuring that every moment behind the wheel is a symphony of speed and luxury.

", 2023, 58,7-Speed Automatic,Rosso Corsa,Extended Warranties Available,Nero,789,V12,GCC,https://eurotechtrading.s3.ap-south-1.amazonaws.com/images/cars/Used-2023-Ferrari-812-GTS-Base-1703210837.jpg,"['https://eurotechtrading.s3.ap-south-1.amazonaws.com/images/cars/related_1_Used-2023-Ferrari-812-GTS-Base-1701888062 (1).jpg', 'https://eurotechtrading.s3.ap-south-1.amazonaws.com/images/cars/related_2_Used-2023-Ferrari-812-GTS-Base-1701888062.jpg']",2024-03-20T11:53:14.564Z
19,65facef59277ddc4592aac52,2024 Lamborghini Urus,lamborghini-urus,396800,True,car,"The 2024 Lamborghini Urus Performante is a high-performance SUV that combines luxurious design with powerful capabilities. Under the hood it boasts a robust twin-turbocharged V8 engine that delivers an exhilarating driving experience pushing the boundaries of speed and agility. Its aerodynamic enhancements not only contribute to its striking appearance but also improve overall performance. The interior is a blend of opulence and sportiness featuring premium materials and advanced technology. With a refined suspension system and dynamic driving modes the Urus Performante ensures a thrilling ride whether cruising on city streets or tearing up the open road. This SUV exemplifies Lamborghini's commitment to crafting vehicles that seamlessly merge luxury performance and style.
",2024, 257,8-Speed Automatic,Nero Nemesis MattMatt,Balance of Factory Warranty (if applicable),Black,657,4.0L V8 Twin Turbocharged,GCC,https://eurotechtrading.s3.ap-south-1.amazonaws.com/images/cars/Used-2024-Lamborghini-Urus-1706289620 (1).jpg,"['https://eurotechtrading.s3.ap-south-1.amazonaws.com/images/cars/related_0_Used-2024-Lamborghini-Urus-1706289620.jpg', 'https://eurotechtrading.s3.ap-south-1.amazonaws.com/images/cars/related_1_Used-2024-Lamborghini-Urus-1706289554 (2).jpg', 'https://eurotechtrading.s3.ap-south-1.amazonaws.com/images/cars/related_2_Used-2024-Lamborghini-Urus-1706289554 (1).jpg']",2024-03-20T11:56:37.748Z
20,65facfbd9277ddc4592aac53,2022 Rolls-Royce Ghost Black Badge,rolls-royce-ghost-black-badge,357800,True,car,"The 2022 Rolls-Royce Ghost Black Badge epitomizes luxury and performance representing the pinnacle of automotive refinement. With its iconic design cues and commanding presence the Ghost Black Badge exudes elegance and exclusivity on the road. Equipped with a potent 6.75-liter twin-turbocharged V12 engine it delivers effortless power and performance propelling the car with serene acceleration. The Black Badge variant adds a touch of sportiness and edge to the Ghost's sophisticated persona featuring darkened accents and unique styling elements that set it apart from the standard model. Inside the cabin offers a sanctuary of opulence with handcrafted materials exquisite detailing and cutting-edge technology providing a sumptuous driving experience for both the driver and passengers. With its unparalleled craftsmanship refined performance and bespoke luxury the 2022 Rolls-Royce Ghost Black Badge represents the epitome of automotive excellence and serves as the ultimate expression of refined motoring.
",2022,"5,986",8-Speed Automatic,Black,Balance of Factory Warranty (if applicable),Orange / Black Trim,603,6.7L V12 DOHC,GCC,https://eurotechtrading.s3.ap-south-1.amazonaws.com/images/cars/Used-2022-Rolls-Royce-Ghost-Black-Badge-1710012038 (4).jpg,"['https://eurotechtrading.s3.ap-south-1.amazonaws.com/images/cars/related_0_Used-2022-Rolls-Royce-Ghost-Black-Badge-1710012038 (3).jpg', 'https://eurotechtrading.s3.ap-south-1.amazonaws.com/images/cars/related_1_Used-2022-Rolls-Royce-Ghost-Black-Badge-1710012038 (2).jpg', 'https://eurotechtrading.s3.ap-south-1.amazonaws.com/images/cars/related_2_Used-2022-Rolls-Royce-Ghost-Black-Badge-1710012038 (1).jpg']",2024-03-20T11:59:57.120Z
21,65fad09d9277ddc4592aac54,2023 Mercedes-Benz G-Class G 63 AMG速,mercedes-benz-g-class-g-63-amg,379800,True,car,The 2023 Mercedes Benz G-Class G63 AMG 4x4 is a rugged and luxurious SUV that seamlessly blends off-road capability with high-performance design. Its distinctive boxy silhouette remains an iconic symbol of strength and durability. Powered by a robust 4.0-liter twin-turbocharged V8 engine the G63 AMG 4x4 delivers an impressive 577 horsepower and 627 lb-ft of torque ensuring exhilarating acceleration and dynamic driving experiences. The advanced 4x4 system three locking differentials and adaptive suspension make it a formidable off-road companion conquering rough terrains with ease. The opulent interior features premium materials cutting-edge technology and comfort-focused amenities providing a lavish and enjoyable driving environment. With its unique blend of timeless design high-performance capabilities and luxurious appointments the 2023 Mercedes Benz G63 AMG 4x4 stands out as a top-tier SUV for those who seek the ultimate in both style and substance.,2023,"2,035",9-Speed Automatic,Obsidian Black Metallic,Extended Warranties Available,Black,577,V8,GCC,https://eurotechtrading.s3.ap-south-1.amazonaws.com/images/cars/Used-2023-Mercedes-Benz-G-Class-G-63-AMG速-1706145551 (3).jpg,"['https://eurotechtrading.s3.ap-south-1.amazonaws.com/images/cars/related_0_Used-2023-Mercedes-Benz-G-Class-G-63-AMG速-1706145551 (2).jpg', 'https://eurotechtrading.s3.ap-south-1.amazonaws.com/images/cars/related_1_Used-2023-Mercedes-Benz-G-Class-G-63-AMG速-1706145551 (1).jpg']",2024-03-20T12:03:41.681Z
22,65fc15b49277ddc4592aac60,2022 Ferrari F8 Tributo Base,2022-ferrari-f8-tributo-base,369800,True,car,The 2022 Ferrari F8 Tributo Coupe epitomizes the pinnacle of Italian automotive engineering boasting a perfect blend of performance and style. Its sleek and aerodynamic design is a tribute to Ferrari's rich racing heritage featuring smooth curves and aggressive lines that demand attention. Under the hood the F8 Tributo is powered by a ferocious 3.9-liter twin-turbocharged V8 engine producing a staggering 710 horsepower and 568 lb-ft of torque. This power is transmitted to the rear wheels through a lightning-fast seven-speed dual-clutch automatic transmission allowing the F8 Tributo to accelerate from 0 to 60 mph in just 2.9 seconds. The cabin exudes luxury and sophistication with premium materials and cutting-edge technology seamlessly integrated throughout. With its exhilarating performance and iconic styling the 2022 Ferrari F8 Tributo Coupe sets the standard for supercars in its class.,2022 ,"16,028",7-Speed Automatic,Nero Daytona Metallic,Balance of Factory Warranty (if applicable),Rosso Ferrari,710,3.9L V8,GCC,https://eurotechtrading.s3.ap-south-1.amazonaws.com/images/cars/Used-2022-Ferrari-F8-Tributo-Base-1709940717 (4).jpg,"['https://eurotechtrading.s3.ap-south-1.amazonaws.com/images/cars/related_0_Used-2022-Ferrari-F8-Tributo-Base-1709940717 (3).jpg', 'https://eurotechtrading.s3.ap-south-1.amazonaws.com/images/cars/related_1_Used-2022-Ferrari-F8-Tributo-Base-1709940717 (2).jpg', 'https://eurotechtrading.s3.ap-south-1.amazonaws.com/images/cars/related_2_Used-2022-Ferrari-F8-Tributo-Base-1709940717 (1).jpg']",2024-03-21T11:10:44.376Z
